second,image
0,0-15.png
1,0-15.png
2,0-15.png
3,0-15.png
4,0-15.png
5,0-15.png
6,0-15.png
7,0-15.png
8,0-15.png
9,0-15.png
10,0-15.png
11,0-15.png
12,0-15.png
13,0-15.png
14,0-15.png
15,15-21.png
16,15-21.png
17,15-21.png
18,15-21.png
19,15-21.png
20,15-21.png
21,21-23.png
22,21-23.png
23,23-36.png
24,23-36.png
25,23-36.png
26,23-36.png
27,23-36.png
28,23-36.png
29,23-36.png
30,23-36.png
31,23-36.png
32,23-36.png
33,23-36.png
34,23-36.png
35,23-36.png
36,36-41.png
37,36-41.png
38,36-41.png
39,36-41.png
40,36-41.png
41,41-49.png
42,41-49.png
43,41-49.png
44,41-49.png
45,41-49.png
46,41-49.png
47,41-49.png
48,41-49.png
49,49-85.png
50,49-85.png
51,49-85.png
52,49-85.png
53,49-85.png
54,49-85.png
55,49-85.png
56,49-85.png
57,49-85.png
58,49-85.png
59,49-85.png
60,49-85.png
61,49-85.png
62,49-85.png
63,49-85.png
64,49-85.png
65,49-85.png
66,49-85.png
67,49-85.png
68,49-85.png
69,49-85.png
70,49-85.png
71,49-85.png
72,49-85.png
73,49-85.png
74,49-85.png
75,49-85.png
76,49-85.png
77,49-85.png
78,49-85.png
79,49-85.png
80,49-85.png
81,49-85.png
82,49-85.png
83,49-85.png
84,49-85.png
85,85-103.png
86,85-103.png
87,85-103.png
88,85-103.png
89,85-103.png
90,85-103.png
91,85-103.png
92,85-103.png
93,85-103.png
94,85-103.png
95,85-103.png
96,85-103.png
97,85-103.png
98,85-103.png
99,85-103.png
100,85-103.png
101,85-103.png
102,85-103.png
103,103-115.png
104,103-115.png
105,103-115.png
106,103-115.png
107,103-115.png
108,103-115.png
109,103-115.png
110,103-115.png
111,103-115.png
112,103-115.png
113,103-115.png
114,103-115.png
115,115-122.png
116,115-122.png
117,115-122.png
118,115-122.png
119,115-122.png
120,115-122.png
121,115-122.png
122,122-143.png
123,122-143.png
124,122-143.png
125,122-143.png
126,122-143.png
127,122-143.png
128,122-143.png
129,122-143.png
130,122-143.png
131,122-143.png
132,122-143.png
133,122-143.png
134,122-143.png
135,122-143.png
136,122-143.png
137,122-143.png
138,122-143.png
139,122-143.png
140,122-143.png
141,122-143.png
142,122-143.png
143,143-174.png
144,143-174.png
145,143-174.png
146,143-174.png
147,143-174.png
148,143-174.png
149,143-174.png
150,143-174.png
151,143-174.png
152,143-174.png
153,143-174.png
154,143-174.png
155,143-174.png
156,143-174.png
157,143-174.png
158,143-174.png
159,143-174.png
160,143-174.png
161,143-174.png
162,143-174.png
163,143-174.png
164,143-174.png
165,143-174.png
166,143-174.png
167,143-174.png
168,143-174.png
169,143-174.png
170,143-174.png
171,143-174.png
172,143-174.png
173,143-174.png
174,174-177.png
175,174-177.png
176,174-177.png
177,177-184.png
178,177-184.png
179,177-184.png
180,177-184.png
181,177-184.png
182,177-184.png
183,177-184.png
184,184-209.png
185,184-209.png
186,184-209.png
187,184-209.png
188,184-209.png
189,184-209.png
190,184-209.png
191,184-209.png
192,184-209.png
193,184-209.png
194,184-209.png
195,184-209.png
196,184-209.png
197,184-209.png
198,184-209.png
199,184-209.png
200,184-209.png
201,184-209.png
202,184-209.png
203,184-209.png
204,184-209.png
205,184-209.png
206,184-209.png
207,184-209.png
208,184-209.png
209,209-213.png
210,209-213.png
211,209-213.png
212,209-213.png
213,213-220.png
214,213-220.png
215,213-220.png
216,213-220.png
217,213-220.png
218,213-220.png
219,213-220.png
220,220-227.png
221,220-227.png
222,220-227.png
223,220-227.png
224,220-227.png
225,220-227.png
226,220-227.png
227,227-248.png
228,227-248.png
229,227-248.png
230,227-248.png
231,227-248.png
232,227-248.png
233,227-248.png
234,227-248.png
235,227-248.png
236,227-248.png
237,227-248.png
238,227-248.png
239,227-248.png
240,227-248.png
241,227-248.png
242,227-248.png
243,227-248.png
244,227-248.png
245,227-248.png
246,227-248.png
247,227-248.png
248,248-263.png
249,248-263.png
250,248-263.png
251,248-263.png
252,248-263.png
253,248-263.png
254,248-263.png
255,248-263.png
256,248-263.png
257,248-263.png
258,248-263.png
259,248-263.png
260,248-263.png
261,248-263.png
262,248-263.png
263,263-277.png
264,263-277.png
265,263-277.png
266,263-277.png
267,263-277.png
268,263-277.png
269,263-277.png
270,263-277.png
271,263-277.png
272,263-277.png
273,263-277.png
274,263-277.png
275,263-277.png
276,263-277.png
277,277-290.png
278,277-290.png
279,277-290.png
280,277-290.png
281,277-290.png
282,277-290.png
283,277-290.png
284,277-290.png
285,277-290.png
286,277-290.png
287,277-290.png
288,277-290.png
289,277-290.png
290,290-304.png
291,290-304.png
292,290-304.png
293,290-304.png
294,290-304.png
295,290-304.png
296,290-304.png
297,290-304.png
298,290-304.png
299,290-304.png
300,290-304.png
301,290-304.png
302,290-304.png
303,290-304.png
304,304-321.png
305,304-321.png
306,304-321.png
307,304-321.png
308,304-321.png
309,304-321.png
310,304-321.png
311,304-321.png
312,304-321.png
313,304-321.png
314,304-321.png
315,304-321.png
316,304-321.png
317,304-321.png
318,304-321.png
319,304-321.png
320,304-321.png
321,321-327.png
322,321-327.png
323,321-327.png
324,321-327.png
325,321-327.png
326,321-327.png
327,327-336.png
328,327-336.png
329,327-336.png
330,327-336.png
331,327-336.png
332,327-336.png
333,327-336.png
334,327-336.png
335,327-336.png
